,Project Reference,Academic Year,Mobility Start Month,Mobility End Month,Mobility Duration,Activity (mob),Field of Education,Participant Nationality,Education Level,Participant Gender,Participant Profile,Special Needs,Fewer Opportunities,GroupLeader,Participant Age,Sending Country Code,Sending City,Sending Organization,Sending Organisation Erasmus Code,Receiving Country Code,Receiving City,Receiving Organization,Receiving Organisation Erasmus Code,Participants
0,2014-1-AT01-KA101-000059,2014-2015,2014-07,2014-07,12.0,Staff training abroad,Language acquisition,AT,??? - ? Unknown ?,Female,Staff,No,No,No,42,AT,Wels,BRG Wels Wallererstraße,-,ES,Malaga,Escuela de Idiomas Nerja,-,1.0
1,2014-1-AT01-KA101-000059,2014-2015,2014-07,2014-08,7.0,Staff training abroad,Language acquisition,AT,??? - ? Unknown ?,Female,Staff,No,No,No,25,AT,Wels,BRG Wels Wallererstraße,-,UK,Canterbury,Pilgrims LTD,-,1.0
2,2014-1-AT01-KA101-000059,2014-2015,2014-07,2014-08,12.0,Staff training abroad,Language acquisition,AT,??? - ? Unknown ?,Female,Staff,No,No,No,51,AT,Wels,BRG Wels Wallererstraße,-,UK,London,St. Giles International,-,1.0
3,2014-1-AT01-KA101-000059,2014-2015,2014-08,2014-08,12.0,Staff training abroad,Language acquisition,CZ,??? - ? Unknown ?,Female,Staff,No,No,No,34,AT,Wels,BRG Wels Wallererstraße,-,UK,London,EF Language Center,-,1.0
4,2014-1-AT01-KA101-000060,2014-2015,2014-07,2014-07,12.0,Staff training abroad,Teacher training with subject specialization,AT,??? - ? Unknown ?,Female,Staff,No,No,No,53,AT,Schwarzach,Volksschule Schwarzach,-,IE,Dublin,Centre of English Studies,-,1.0
5,2014-1-AT01-KA101-000062,2014-2015,2014-11,2014-11,7.0,Staff training abroad,Psychology,AT,??? - ? Unknown ?,Male,Staff,No,No,No,60,AT,Liezen,BHAK/BHAS Liezen,-,ES,Mallorca,European School Psychology Centre for Training,-,1.0
6,2014-1-AT01-KA101-000070,2014-2015,2014-07,2014-07,12.0,Staff training abroad,Education,AT,??? - ? Unknown ?,Male,Staff,No,No,No,44,AT,Reutte,Bundeshandelsakademie u. Bundeshandelsschule Reutte,-,UK,Cambridge,BELL Educational Services,-,1.0
7,2014-1-AT01-KA101-000089,2014-2015,2014-07,2014-08,12.0,Staff training abroad,Teacher training without subject specialization,AT,??? - ? Unknown ?,Female,Staff,No,No,No,46,AT,Wien,Vienna Business School Handelsakademie und Handelsschule Floridsdorf des Fonds der Wiener Kaufmannschaft,-,UK,Torquay,Riviera English School Ltd,-,1.0
8,2014-1-AT01-KA101-000092,2014-2015,2014-10,2014-10,12.0,Staff training abroad,Education,AT,??? - ? Unknown ?,Female,Staff,No,No,No,50,AT,Wien,HAK/HAS Sacré Coeur,-,TR,Istanbul,Österreichisches St. Georg-Kolleg Istanbul,-,1.0
9,2014-1-AT01-KA101-000095,2014-2015,2014-07,2014-07,14.0,Staff training abroad,Education,AT,??? - ? Unknown ?,Female,Staff,No,No,No,48,AT,Geinberg,Vitalhauptschule Geinberg,-,UK,Scarborough,Anglolang,-,1.0
10,2014-1-AT01-KA101-000096,2014-2015,2014-08,2014-08,5.0,Staff training abroad,Teacher training with subject specialization,AT,??? - ? Unknown ?,Female,Staff,No,No,No,49,AT,Ansfelden,Volksschule Ansfelden,-,MT,St. Julians,Executive Training Institute Malta,-,1.0
11,2014-1-AT01-KA101-000104,2014-2015,2014-07,2014-08,14.0,Staff training abroad,Teacher training without subject specialization,AT,??? - ? Unknown ?,Female,Staff,No,No,No,45,AT,Villach,VS 11 Maria Gail,-,UK,Canterbury,Pilgrims Englich Language courses,-,1.0
12,2014-1-AT01-KA101-000108,2014-2015,2014-07,2014-08,12.0,Staff training abroad,Education,AT,??? - ? Unknown ?,Male,Staff,No,No,No,26,AT,G�nserndorf,Bundesgymnasium und Bundesrealgymnasium Gänserndorf,-,UK,Norwich,DELTA Language Training &amp; Consultancy Ltd,-,1.0
13,2014-1-AT01-KA101-000112,2014-2015,2014-07,2014-07,12.0,Staff training abroad,Teacher training with subject specialization,AT,??? - ? Unknown ?,Female,Staff,No,No,No,54,AT,Lustenau,NMS Lustenau-Kirchdorf,-,IE,Dublin,Centre of English Studies,-,1.0
14,2014-1-AT01-KA101-000119,2014-2015,2014-07,2014-08,12.0,Staff training abroad,Languages,AT,??? - ? Unknown ?,Female,Staff,No,No,No,48,AT,Sierning,Neue Mittelschule Sierning,-,UK,Canterbury,Pilgrims,-,1.0
15,2014-1-AT01-KA101-000119,2014-2015,2014-08,2014-09,12.0,Staff training abroad,Languages,AT,??? - ? Unknown ?,Female,Staff,No,No,No,54,AT,Sierning,Neue Mittelschule Sierning,-,IT,Milano,Scuola Leonardo da Vinci,-,1.0
16,2014-1-AT01-KA101-000124,2014-2015,2014-08,2014-08,11.0,Staff training abroad,Teacher training with subject specialization,AT,??? - ? Unknown ?,Female,Staff,No,No,No,30,AT,Gro�-Enzersdorf,BG/BRG Gross-Enzersdorf,-,MT,Valletta,IZI Ltd,-,1.0
17,2014-1-AT01-KA101-000124,2014-2015,2014-08,2014-08,11.0,Staff training abroad,Teacher training without subject specialization,AT,??? - ? Unknown ?,Female,Staff,No,No,No,40,AT,Gro�-Enzersdorf,BG/BRG Gross-Enzersdorf,-,MT,Valletta,IZI Ltd,-,1.0
18,2014-1-AT01-KA101-000125,2014-2015,2014-07,2014-07,11.0,Staff training abroad,Languages,AT,??? - ? Unknown ?,Female,Staff,No,No,No,49,AT,Perg,Bundeshandelsakademie und Bundeshandelsschule Perg,-,UK,Cambridge,Bell Educational Services Ltd.,-,1.0
19,2014-1-AT01-KA101-000125,2014-2015,2014-07,2014-07,13.0,Staff training abroad,Teacher training with subject specialization,AT,??? - ? Unknown ?,Female,Staff,No,No,No,43,AT,Perg,Bundeshandelsakademie und Bundeshandelsschule Perg,-,UK,Cheltenham,International Study Programmes,-,1.0
20,2014-1-AT01-KA101-000129,2014-2015,2014-07,2014-07,14.0,Staff training abroad,Languages,AT,??? - ? Unknown ?,Female,Staff,No,No,No,31,AT,St. P�lten,Bundes-Bildungsanstalt für Kindergarten- und Sozialpädagogik St. Pölten,-,UK,Exeter,IPC Exeter,-,1.0
21,2014-1-AT01-KA101-000129,2014-2015,2014-07,2014-07,14.0,Staff training abroad,Languages,AT,??? - ? Unknown ?,Female,Staff,No,No,No,33,AT,St. P�lten,Bundes-Bildungsanstalt für Kindergarten- und Sozialpädagogik St. Pölten,-,UK,Exeter,IPC Exeter,-,1.0
22,2014-1-AT01-KA101-000148,2014-2015,2014-07,2014-07,12.0,Staff training abroad,Teacher training with subject specialization,AT,??? - ? Unknown ?,Female,Staff,No,No,No,47,AT,Wien,"Bundesgymnasium, Bundesrealgymnasium und Oberstufenrealgymnasium für Leistungssport",-,FR,Nice,France Langue Nice,-,1.0
23,2014-1-AT01-KA101-000148,2014-2015,2014-07,2014-07,14.0,Staff training abroad,Teacher training with subject specialization,AT,??? - ? Unknown ?,Female,Staff,No,No,No,42,AT,Wien,"Bundesgymnasium, Bundesrealgymnasium und Oberstufenrealgymnasium für Leistungssport",-,UK,Canterbury,The Education & Training Company Limited,-,1.0
24,2014-1-AT01-KA101-000148,2014-2015,2014-08,2014-08,12.0,Staff training abroad,Teacher training with subject specialization,AT,??? - ? Unknown ?,Female,Staff,No,No,No,52,AT,Wien,"Bundesgymnasium, Bundesrealgymnasium und Oberstufenrealgymnasium für Leistungssport",-,IT,Cefal�,Didyme,-,1.0
25,2014-1-AT01-KA101-000156,2014-2015,2014-07,2014-07,12.0,Staff training abroad,Education,AT,??? - ? Unknown ?,Female,Staff,No,No,No,60,AT,Bad Leonfelden,Hauptschule Bad Leonfelden,-,IE,Galway,Bridge Mills Galway Language Centre,-,1.0
26,2014-1-AT01-KA101-000156,2014-2015,2014-07,2014-07,12.0,Staff training abroad,Teacher training with subject specialization,AT,??? - ? Unknown ?,Female,Staff,No,No,No,52,AT,Bad Leonfelden,Hauptschule Bad Leonfelden,-,IE,Galway,Bridge Mills Galway Language Centre,-,1.0
27,2014-1-AT01-KA101-000162,2014-2015,2014-07,2014-07,12.0,Staff training abroad,"Languages, not further defined",AT,??? - ? Unknown ?,Female,Staff,No,No,No,49,AT,Graz,BG/BRG Lichtenfelsgasse,-,FR,Paris,France Langue,-,1.0
28,2014-1-AT01-KA101-000162,2014-2015,2014-08,2014-08,12.0,Staff training abroad,"Languages, not further defined",AT,??? - ? Unknown ?,Male,Staff,No,No,No,62,AT,Graz,BG/BRG Lichtenfelsgasse,-,ES,Valencia,Escuela de espanol hispania,-,1.0
29,2014-1-AT01-KA101-000166,2014-2015,2014-07,2014-07,5.0,Staff training abroad,"Languages, not elsewhere classified",AT,??? - ? Unknown ?,Female,Staff,No,No,No,55,AT,Leibnitz,BG/BRG Leibnitz,-,MT,St.Julian's,Executive Training Institute Ltd.,-,1.0
30,2014-1-AT01-KA101-000166,2014-2015,2014-07,2014-07,5.0,Staff training abroad,"Languages, not elsewhere classified",AT,??? - ? Unknown ?,Male,Staff,No,No,No,56,AT,Leibnitz,BG/BRG Leibnitz,-,MT,St.Julian's,Executive Training Institute Ltd.,-,1.0
31,2014-1-AT01-KA101-000166,2014-2015,2014-07,2014-07,14.0,Staff training abroad,"Languages, not elsewhere classified",AT,??? - ? Unknown ?,Female,Staff,No,No,No,57,AT,Leibnitz,BG/BRG Leibnitz,-,UK,Oxford,The Education & Training Company Limited,-,1.0
32,2014-1-AT01-KA101-000166,2014-2015,2014-07,2014-08,14.0,Staff training abroad,"Languages, not elsewhere classified",AT,??? - ? Unknown ?,Female,Staff,No,No,No,35,AT,Leibnitz,BG/BRG Leibnitz,-,UK,Exeter,International Projects Centre Ltd,-,1.0
33,2014-1-AT01-KA101-000166,2014-2015,2014-07,2014-08,14.0,Staff training abroad,"Languages, not elsewhere classified",AT,??? - ? Unknown ?,Female,Staff,No,No,No,54,AT,Leibnitz,BG/BRG Leibnitz,-,UK,Exeter,International Projects Centre Ltd,-,1.0
34,2014-1-AT01-KA101-000166,2014-2015,2014-08,2014-08,12.0,Staff training abroad,"Languages, not elsewhere classified",AT,??? - ? Unknown ?,Female,Staff,No,No,No,30,AT,Leibnitz,BG/BRG Leibnitz,-,IE,Galway,"Bridge Mills Galway Language Centre, Ltd",-,1.0
35,2014-1-AT01-KA101-000169,2014-2015,2014-07,2014-07,12.0,Staff training abroad,Languages,AT,??? - ? Unknown ?,Female,Staff,No,No,No,30,AT,Hohenems,MS Hohenems-Herrenried,-,UK,Cambridge,Bell Teacher Campus,-,1.0
36,2014-1-AT01-KA101-000169,2014-2015,2014-07,2014-07,12.0,Staff training abroad,Languages,AT,??? - ? Unknown ?,Female,Staff,No,No,No,48,AT,Hohenems,MS Hohenems-Herrenried,-,UK,Cambridge,Bell Teacher Campus,-,1.0
37,2014-1-AT01-KA101-000170,2014-2015,2014-08,2014-08,12.0,Staff training abroad,Economics,AT,??? - ? Unknown ?,Female,Staff,No,No,No,49,AT,Ried im Innkreis,HTBLA Ried im Innkreis,-,UK,London,International house london,-,1.0
38,2014-1-AT01-KA101-000171,2014-2015,2014-07,2014-08,12.0,Staff training abroad,Teacher training with subject specialization,AT,??? - ? Unknown ?,Female,Staff,No,No,No,56,AT,Graz,Akademisches Gymnasium,-,ES,Valencia,Hispania � escuela de espa�ol,-,1.0
39,2014-1-AT01-KA101-000171,2014-2015,2014-08,2014-08,12.0,Staff training abroad,Teacher training with subject specialization,AT,??? - ? Unknown ?,Female,Staff,No,No,No,26,AT,Graz,Akademisches Gymnasium,-,FR,Nice,France Langue,-,1.0
40,2014-1-AT01-KA101-000171,2014-2015,2014-08,2014-08,12.0,Staff training abroad,Teacher training with subject specialization,AT,??? - ? Unknown ?,Female,Staff,No,No,No,52,AT,Graz,Akademisches Gymnasium,-,FR,Nice,France Langue,-,1.0
41,2014-1-AT01-KA101-000174,2014-2015,2014-07,2014-07,5.0,Staff training abroad,Teacher training with subject specialization,AT,??? - ? Unknown ?,Female,Staff,No,No,No,45,AT,Innsbruck,BHAK/BHAS Innsbruck,-,IE,Galway,Atlantic Language Galway Ireland,-,1.0
42,2014-1-AT01-KA101-000174,2014-2015,2014-07,2014-07,12.0,Staff training abroad,Teacher training with subject specialization,AT,??? - ? Unknown ?,Female,Staff,No,No,No,49,AT,Innsbruck,BHAK/BHAS Innsbruck,-,IT,Otranto,Porta d'Oriente,-,1.0
43,2014-1-AT01-KA101-000174,2014-2015,2014-07,2014-07,12.0,Staff training abroad,Teacher training with subject specialization,AT,??? - ? Unknown ?,Female,Staff,No,No,No,55,AT,Innsbruck,BHAK/BHAS Innsbruck,-,FR,VERSAILLES,France Langue Paris,-,1.0
44,2014-1-AT01-KA101-000176,2014-2015,2014-07,2014-08,12.0,Staff training abroad,Teacher training without subject specialization,AT,??? - ? Unknown ?,Male,Staff,No,No,No,33,AT,Bludenz,Bundesgymnasium Bludenz,-,IE,Galway,Bridge Mills Galway Language Centre,-,1.0
45,2014-1-AT01-KA101-000178,2014-2015,2014-07,2014-08,12.0,Staff training abroad,Teacher training with subject specialization,AT,??? - ? Unknown ?,Female,Staff,No,No,No,35,AT,Hohenems,Bäuerliches Schul- und Bildungszentrum Hohenems,-,IE,Galway,Bridge Mills Galway Language Centre,-,1.0
46,2014-1-AT01-KA101-000179,2014-2015,2014-07,2014-07,14.0,Staff training abroad,Teacher training without subject specialization,AT,??? - ? Unknown ?,Female,Staff,No,No,No,47,AT,Wien,Neue Musikmittelschule I,-,UK,Canterbury,The Education & Training Company Limited,-,1.0
47,2014-1-AT01-KA101-000179,2014-2015,2014-07,2014-08,14.0,Staff training abroad,Teacher training without subject specialization,AT,??? - ? Unknown ?,Female,Staff,No,No,No,30,AT,Wien,Neue Musikmittelschule I,-,UK,Canterbury,The Education & Training Company Limited,-,1.0
48,2014-1-AT01-KA101-000179,2014-2015,2014-08,2014-08,10.0,Staff training abroad,Language acquisition,AT,??? - ? Unknown ?,Male,Staff,No,No,No,27,AT,Wien,Neue Musikmittelschule I,-,TR,Izmir,Royal Turkish EC Schools,-,1.0
49,2014-1-AT01-KA101-000179,2014-2015,2014-08,2014-08,12.0,Staff training abroad,Language acquisition,AT,??? - ? Unknown ?,Female,Staff,No,No,No,30,AT,Wien,Neue Musikmittelschule I,-,TR,Izmir,Royal Turkish EC Schools,-,1.0
50,2014-1-AT01-KA101-000179,2014-2015,2014-08,2014-08,14.0,Staff training abroad,Teacher training without subject specialization,AT,??? - ? Unknown ?,Male,Staff,No,No,No,27,AT,Wien,Neue Musikmittelschule I,-,UK,Canterbury,The Education & Training Company Limited,-,1.0
51,2014-1-AT01-KA101-000180,2014-2015,2014-08,2014-08,11.0,Staff training abroad,Education,AT,??? - ? Unknown ?,Female,Staff,No,No,No,36,AT,Mistelbach,Europa Hauptschule 2 Mistelbach,-,IE,Galway,Bridge Mills Galway Language Centre Ltd.,-,1.0
52,2014-1-AT01-KA101-000183,2014-2015,2014-12,2014-12,2.0,Training/teaching assignments abroad,Arts,AT,??? - ? Unknown ?,Male,Staff,No,No,No,54,AT,Wiener Neustadt,Bundesgymnasium Babenbergerring,-,IT,Roma,"Università degli Studi di Roma 'La Sapienza""",-,1.0
53,2014-1-AT01-KA101-000183,2014-2015,2014-12,2014-12,2.0,Training/teaching assignments abroad,Information and Communication Technologies (ICTs),AT,??? - ? Unknown ?,Male,Staff,No,No,No,59,AT,Wiener Neustadt,Bundesgymnasium Babenbergerring,-,IT,Roma,"Università degli Studi di Roma 'La Sapienza""",-,1.0
54,2014-1-AT01-KA101-000186,2014-2015,2014-07,2014-07,12.0,Staff training abroad,Language acquisition,AT,??? - ? Unknown ?,Female,Staff,No,No,No,50,AT,Neukirchen,NMS-Neukirchen,-,IE,Cork,Cork English College,-,1.0
55,2014-1-AT01-KA101-000186,2014-2015,2014-07,2014-07,12.0,Staff training abroad,Language acquisition,AT,??? - ? Unknown ?,Female,Staff,No,No,No,52,AT,Neukirchen,NMS-Neukirchen,-,IE,Cork,Cork English College,-,1.0
56,2014-1-AT01-KA101-000186,2014-2015,2014-07,2014-07,12.0,Staff training abroad,Language acquisition,AT,??? - ? Unknown ?,Female,Staff,No,No,No,55,AT,Neukirchen,NMS-Neukirchen,-,IE,Cork,Cork English College,-,1.0
57,2014-1-AT01-KA101-000187,2014-2015,2014-07,2014-07,12.0,Staff training abroad,Teacher training with subject specialization,AT,??? - ? Unknown ?,Female,Staff,No,No,No,29,AT,Ybbs,HAK Ybbs,-,FR,Paris,Société à reponsabilité limitée à associé unique,-,1.0
58,2014-1-AT01-KA101-000187,2014-2015,2014-08,2014-08,12.0,Staff training abroad,Teacher training without subject specialization,AT,??? - ? Unknown ?,Female,Staff,No,No,No,55,AT,Ybbs,HAK Ybbs,-,FR,Nice,Société à reponsabilité limitée à associé unique,-,1.0
59,2014-1-AT01-KA101-000201,2014-2015,2014-07,2014-08,8.0,Staff training abroad,Education science,AT,??? - ? Unknown ?,Female,Staff,No,No,No,38,AT,Salzburg,HTBLuVA-Salzburg,-,PT,Terceira,Stichting chain foundation,-,1.0
60,2014-1-AT01-KA101-000201,2014-2015,2014-08,2014-08,13.0,Staff training abroad,Teacher training with subject specialization,AT,??? - ? Unknown ?,Female,Staff,No,No,No,53,AT,Salzburg,HTBLuVA-Salzburg,-,IE,Galway,Bridge Mills Galway language Centre,-,1.0
61,2014-1-AT01-KA101-000222,2014-2015,2014-08,2014-08,12.0,Staff training abroad,Language acquisition,AT,??? - ? Unknown ?,Female,Staff,No,No,No,-1,AT,Eferding,Neue Sportmittelschule Eferding Süd,-,FR,Paris,France Langue,-,1.0
62,2014-1-AT01-KA101-000222,2014-2015,2014-08,2014-08,12.0,Staff training abroad,Language acquisition,AT,??? - ? Unknown ?,Female,Staff,No,No,No,46,AT,Eferding,Neue Sportmittelschule Eferding Süd,-,IE,Galway,Bridge Mills Galway Language Center,-,1.0
63,2014-1-AT01-KA101-000223,2014-2015,2014-08,2014-08,11.0,Staff training abroad,Education,AT,??? - ? Unknown ?,Female,Staff,No,No,No,48,AT,Wien,NMS Steinergasse,-,IE,Galway,Bridge Mills Galway Language Centre,-,1.0
64,2014-1-AT01-KA101-000224,2014-2015,2014-07,2014-07,12.0,Staff training abroad,Language acquisition,AT,??? - ? Unknown ?,Female,Staff,No,No,No,39,AT,Wels,Bundeshandelsakademie Wels 1,-,FR,Nizza,France Langue,-,1.0
65,2014-1-AT01-KA101-000227,2014-2015,2014-07,2014-07,13.0,Staff training abroad,Teacher training with subject specialization,AT,??? - ? Unknown ?,Male,Staff,No,No,No,55,AT,Salzburg,Bundesgymnasium,-,UK,CHELTENHAM,International Study Programmes,-,1.0
66,2014-1-AT01-KA101-000229,2014-2015,2014-07,2014-07,5.0,Staff training abroad,Languages,AT,??? - ? Unknown ?,Female,Staff,No,No,No,51,AT,Hohenruppersdorf,Aktiv-Hauptschule Hohenruppersdorf,-,IE,Galway,Bridge Mills Language Center Galway,-,1.0
67,2014-1-AT01-KA101-000229,2014-2015,2014-07,2014-08,12.0,Staff training abroad,Languages,AT,??? - ? Unknown ?,Female,Staff,No,No,No,46,AT,Hohenruppersdorf,Aktiv-Hauptschule Hohenruppersdorf,-,IE,Galway,Bridge Mills Language Center Galway,-,1.0
68,2014-1-AT01-KA101-000231,2014-2015,2014-07,2014-08,12.0,Staff training abroad,Education,AT,??? - ? Unknown ?,Male,Staff,No,No,No,48,AT,Perg,HTBLA Perg,-,UK,Norwich,DELTA Language Training &amp; Consultancy Ltd,-,1.0
69,2014-1-AT01-KA101-000233,2014-2015,2014-08,2014-08,5.0,Staff training abroad,Teacher training without subject specialization,AT,??? - ? Unknown ?,Female,Staff,No,No,No,42,AT,Freistadt,Musik NMS Freistadt,-,MT,St. Julian�s,eti,-,1.0
70,2014-1-AT01-KA101-000233,2014-2015,2014-08,2014-08,5.0,Staff training abroad,Teacher training without subject specialization,AT,??? - ? Unknown ?,Female,Staff,No,No,No,54,AT,Freistadt,Musik NMS Freistadt,-,MT,St. Julian�s,eti,-,1.0
71,2014-1-AT01-KA101-000233,2014-2015,2014-08,2014-08,5.0,Staff training abroad,Teacher training without subject specialization,AT,??? - ? Unknown ?,Female,Staff,No,No,No,56,AT,Freistadt,Musik NMS Freistadt,-,MT,St. Julian�s,eti,-,1.0
72,2014-1-AT01-KA101-000234,2014-2015,2014-07,2014-07,12.0,Staff training abroad,Teacher training with subject specialization,AT,??? - ? Unknown ?,Male,Staff,No,No,No,34,AT,Waidhofen an der Ybbs,HTL Waidhofen an der Ybbs,-,IE,Dublin,CES Centre of English Studies,-,1.0
73,2014-1-AT01-KA101-000234,2014-2015,2014-08,2014-08,12.0,Staff training abroad,Teacher training with subject specialization,AT,??? - ? Unknown ?,Male,Staff,No,No,No,55,AT,Waidhofen an der Ybbs,HTL Waidhofen an der Ybbs,-,MT,St.Julian's,eti Teacher Training & Development,-,1.0
74,2014-1-AT01-KA101-000235,2014-2015,2014-07,2014-08,13.0,Staff training abroad,Teacher training with subject specialization,AT,??? - ? Unknown ?,Female,Staff,No,No,No,48,AT,Wien,privates Gymnasium und wirtschaftskundliches Realgymnasium des Schulvereins der Dominikanerinnen,-,UK,Cambridge,Bell,-,1.0
75,2014-1-AT01-KA101-000239,2014-2015,2014-10,2014-11,8.0,Staff training abroad,Teacher training without subject specialization,AT,??? - ? Unknown ?,Male,Staff,No,No,No,44,AT,Wien,Bundeshandelsakademie und Bundeshandelsschule Wien 22,-,MT,St. Julians,eti executive training Institute Malta ltd,-,1.0
76,2014-1-AT01-KA101-000239,2014-2015,2014-10,2014-11,8.0,Staff training abroad,Teacher training without subject specialization,AT,??? - ? Unknown ?,Male,Staff,No,No,No,48,AT,Wien,Bundeshandelsakademie und Bundeshandelsschule Wien 22,-,MT,St. Julians,eti executive training Institute Malta ltd,-,1.0
77,2014-1-AT01-KA101-000245,2014-2015,2014-10,2014-10,12.0,Staff training abroad,Education,AT,??? - ? Unknown ?,Female,Staff,No,No,No,53,AT,Salzburg,Bildungsanstalt für Kindergartenpädagogik der Franziskanerinnen von Vöcklabruck,-,TR,Istanbul,Österreichisches St. Georg-Kolleg Istanbul,-,1.0
78,2014-1-AT01-KA101-000250,2014-2015,2014-08,2014-08,12.0,Staff training abroad,Languages,AT,??? - ? Unknown ?,Female,Staff,No,No,No,55,IT,Cefal�,Didyme,-,AT,Gratwein,NMS GRATWEIN,-,1.0
79,2014-1-AT01-KA101-000250,2014-2015,2014-08,2014-08,12.0,Staff training abroad,Languages,AT,??? - ? Unknown ?,Female,Staff,No,No,No,57,IT,Cefal�,Didyme,-,AT,Gratwein,NMS GRATWEIN,-,1.0
80,2014-1-AT01-KA101-000253,2014-2015,2014-07,2014-08,12.0,Staff training abroad,Teacher training with subject specialization,AT,??? - ? Unknown ?,Female,Staff,No,No,No,57,AT,Salzburg Glasenbach,Gymnasium und Oberstufenrealgymnasium St. Ursula Salzburg,-,FR,Nantes,CENTRE INTERNATIONAL D'ETUDES PEDAGOGIQUES - CIEP,-,1.0
81,2014-1-AT01-KA101-000253,2014-2015,2014-08,2014-08,12.0,Staff training abroad,Education,AT,??? - ? Unknown ?,Female,Staff,No,No,No,32,AT,�Salzburg Glasenbach,Gymnasium und Oberstufenrealgymnasium St. Ursula Salzburg,-,UK,Hove,The English Language Centre,-,1.0
82,2014-1-AT01-KA101-000253,2014-2015,2014-08,2014-08,12.0,Staff training abroad,Education,AT,??? - ? Unknown ?,Female,Staff,No,No,No,51,AT,�Salzburg Glasenbach,Gymnasium und Oberstufenrealgymnasium St. Ursula Salzburg,-,UK,Hove,The English Language Centre,-,1.0
83,2014-1-AT01-KA101-000253,2014-2015,2014-08,2014-08,12.0,Staff training abroad,Education,AT,??? - ? Unknown ?,Female,Staff,No,No,No,57,AT,Salzburg Glasenbach,Gymnasium und Oberstufenrealgymnasium St. Ursula Salzburg,-,FR,Vichy,CAVILAM,-,1.0
84,2014-1-AT01-KA101-000253,2014-2015,2014-08,2014-08,12.0,Staff training abroad,Education,AT,??? - ? Unknown ?,Female,Staff,No,No,No,58,AT,Salzburg Glasenbach,Gymnasium und Oberstufenrealgymnasium St. Ursula Salzburg,-,UK,Hove,The English Language Centre,-,1.0
85,2014-1-AT01-KA101-000264,2014-2015,2014-07,2014-07,12.0,Staff training abroad,Teacher training with subject specialization,AT,??? - ? Unknown ?,Female,Staff,No,No,No,48,AT,Bad Leonfelden,BORG Bad Leonfelden,-,FR,VICHY,CAVILAM - Alliance française,-,1.0
86,2014-1-AT01-KA101-000264,2014-2015,2014-08,2014-08,13.0,Staff training abroad,Teacher training with subject specialization,AT,??? - ? Unknown ?,Female,Staff,No,No,No,46,AT,Bad Leonfelden,BORG Bad Leonfelden,-,UK,CHELTENHAM,International Study Programmes,-,1.0
87,2014-1-AT01-KA101-000267,2014-2015,2014-07,2014-07,5.0,Staff training abroad,Education,AT,??? - ? Unknown ?,Male,Staff,No,No,No,49,AT,Hallein,HTL Hallein,-,IE,Galway,Galway Language Centre Bridge Mills,-,1.0
88,2014-1-AT01-KA101-000274,2014-2015,2014-07,2014-07,12.0,Staff training abroad,Teacher training with subject specialization,AT,??? - ? Unknown ?,Female,Staff,No,No,No,28,AT,Vienna,Bundesgymnasium 8,-,FR,Montpellier,Accent Francais,-,1.0
89,2014-1-AT01-KA101-000274,2014-2015,2014-07,2014-08,15.0,Staff training abroad,Teacher training with subject specialization,AT,??? - ? Unknown ?,Female,Staff,No,No,No,29,AT,Vienna,Bundesgymnasium 8,-,MT,St. Julian's,eti,-,1.0
90,2014-1-AT01-KA101-000274,2014-2015,2014-08,2014-08,11.0,Staff training abroad,Teacher training with subject specialization,AT,??? - ? Unknown ?,Female,Staff,No,No,No,36,AT,Vienna,Bundesgymnasium 8,-,ES,San  Sebasti�n,Lacunza ih San Sebasti�n,-,1.0
91,2014-1-AT01-KA101-000274,2014-2015,2014-08,2014-08,12.0,Staff training abroad,Teacher training with subject specialization,AT,??? - ? Unknown ?,Female,Staff,No,No,No,29,AT,Vienna,Bundesgymnasium 8,-,FR,Vichy,CAVILAM,-,1.0
92,2014-1-AT01-KA101-000284,2014-2015,2014-08,2014-08,13.0,Staff training abroad,Teacher training with subject specialization,AT,??? - ? Unknown ?,Female,Staff,No,No,No,47,AT,Linz,Bundesbildungsanstalt für Kindergartenpädagogik,-,UK,CHELTENHAM,International Study Programmes,-,1.0
93,2014-1-AT01-KA101-000286,2014-2015,2014-10,2014-10,14.0,Staff training abroad,Teacher training without subject specialization,AT,??? - ? Unknown ?,Female,Staff,No,No,No,58,AT,Schwertberg,Neue Mittelschule Schwertberg,-,UK,Exeter,International Projects Centre Ltd,-,1.0
94,2014-1-AT01-KA101-000289,2014-2015,2014-10,2014-10,8.0,Staff training abroad,Education,AT,??? - ? Unknown ?,Female,Staff,No,No,No,48,AT,Wien,"NMS Staudingergasse 6, 1200 Wien",-,UK,CHELTENHAM,International Study Programmes,-,1.0
95,2014-1-AT01-KA101-000299,2014-2015,2014-07,2014-08,12.0,Staff training abroad,Education,AT,??? - ? Unknown ?,Female,Staff,No,No,No,26,AT,Wien,GEPS Reisnerstraße,-,UK,Brighton & Hove,The English Language Centre,-,1.0
96,2014-1-AT01-KA101-000299,2014-2015,2014-07,2014-08,12.0,Staff training abroad,Education,AT,??? - ? Unknown ?,Female,Staff,No,No,No,35,AT,Wien,GEPS Reisnerstraße,-,UK,Brighton & Hove,The English Language Centre,-,1.0
97,2014-1-AT01-KA101-000301,2014-2015,2014-07,2014-07,5.0,Staff training abroad,Education,AT,??? - ? Unknown ?,Female,Staff,No,No,No,51,AT,Wien,Akademisches Gymnasium Wien,-,FR,VICHY,CAVILAM - Alliance française,-,1.0
98,2014-1-AT01-KA101-000301,2014-2015,2014-07,2014-07,12.0,Staff training abroad,Education,AT,??? - ? Unknown ?,Male,Staff,No,No,No,50,AT,Wien,Akademisches Gymnasium Wien,-,IE,Galway,Bridge Mills Galway Language Centre,-,1.0
99,2014-1-AT01-KA101-000310,2014-2015,2014-07,2014-07,14.0,Staff training abroad,Education,AT,??? - ? Unknown ?,Female,Staff,No,No,No,43,AT,Lembach,Hauptschule Lembach,-,UK,Canterbury,PilgrimsTM,-,1.0
